,Normal,Pathological,Suspect,accuracy,macro avg,weighted avg
precision,0.956140350877193,0.9310344827586207,0.8909090909090909,0.9460093896713615,0.9260279748483015,0.9446312644607677
recall,0.9819819819819819,0.9310344827586207,0.765625,0.9460093896713615,0.8928804882468676,0.9460093896713615
f1-score,0.9688888888888889,0.9310344827586207,0.823529411764706,0.9460093896713615,0.9078175944707385,0.944473902236951
support,333.0,29.0,64.0,0.9460093896713615,426.0,426.0
